pre_release_defects,post_release_defects,complexity,coupling,cohesion,size,comments,methods,classes,inheritance_depth,polymorphism,fan_in,fan_out,fault
-3.0099410802239155,-2.133837287998371,-1.5953508922586457,1.2401404930868394,0.19315905569883116,1.4336313443905568,1.119010768352883,-1.15052070397326,0.8819680656685556,0.5628510660967102,-1.9617209542629601,-1.3619783292285363,2.437670488428023,1.0
-0.9276402379337387,0.41152111633310146,-0.19065074818788855,0.18372395187767115,-0.12449806810625247,0.9651872929431821,0.9389908443529246,0.11792456757427858,-0.9044730436030222,-0.5687888409488123,-1.57591969680431,-0.33442930175952745,-1.7664252004439196,0.0
0.21884719971240618,0.29599822865783615,1.0052519616519302,-1.2200857932478315,-1.1521953010845423,1.524701368522924,-1.3687304629518329,2.051216219019007,-0.9238971165206752,-0.9169082960802409,0.8428098457137418,0.5493915286977298,1.6415368145945028,0.0
-1.8913041522302134,0.5336354278050836,-0.045973554303480796,-1.0767280544339592,1.881472893001078,0.23534979888309068,-0.06284910737257522,0.4540062255938506,-1.7283542671127647,-1.2486060254210265,-0.3326211568709526,0.3164016807942852,1.2746343700449096,0.0
-0.8849212291990538,-1.1132913196646945,0.5014263667535063,-0.13589801036552693,-1.9212743980566143,-0.9183754733828362,-0.18176798674807879,-0.15420350971141336,0.08985827283323165,-1.3003195600466766,-0.13101474551900447,0.9470783769778838,-2.8876343007171563,0.0
-0.282389991639235,-1.6619707377147745,-0.032231688761337696,-1.5047848921054179,0.13407453490305718,1.6266363837334599,-0.9794591222043962,-0.8344409344944073,-0.4698513494328008,0.3186821532294625,-1.01904627112609,-0.3802111554552536,-0.6694902453601599,0.0
-0.46652749473636135,0.33041132236277787,0.5510638295682203,-1.4768006468159711,0.3265080976629747,3.1457615867245208,1.5442250926786925,-0.6418576190698462,0.13190352873053404,-0.03357826572368441,0.45945471896868956,-0.4222145849155921,-0.2691498357394598,0.0
-0.7308239509805161,1.0954385785164014,0.3109712139127145,0.3185560484655797,1.2183791457848407,1.2331731948650295,1.0444980327018931,1.2031640821120702,1.562668089747759,-0.9666191405620679,-0.2986780630449248,0.7089483327900522,-0.8855295766454337,1.0
-0.363254404510229,0.1944172211444765,-0.2301355347095532,0.06601874934319689,-1.145391721884907,-0.03775470768386366,0.1340240661808453,1.6150043675546975,-0.26862944088250196,-0.6502637707555082,0.7129440594514533,-3.1747489381334764,-0.3173484554446204,0.0
-0.5137134617125588,0.2609216568067045,1.2462262543406257,1.5512811989013504,0.2469476862523455,-1.5516837114440778,-0.5141866063411972,-0.40455012494252635,0.3672154258021339,0.0562465401604308,-0.6882981278363282,-1.2516484419164693,-0.868576899643092,0.0
-0.9053468835655334,1.6215769935360622,-0.7696586063066273,0.060136055716257464,0.9684414083475943,0.1948982864326516,-1.0860026409452335,0.9850850277992869,0.3541871197033722,-2.1854877358542915,1.24572143599428,0.8733797031033523,0.33850048643024844,1.0
1.6347634856955442,0.8504677035125586,1.127941808772877,1.0364015907185318,0.757043990744016,-1.7908828461371487,-1.6714672579336196,0.8508404828428677,1.23165073907513,-0.7051733975684187,-1.1137628437660123,0.2626501367935147,-1.4520547569226225,1.0
-0.16889784412382366,-0.35510647351526764,-0.22445670300157208,1.8844310179053005,-0.633991458460733,0.053408693945108845,-1.3121562017692394,0.9403740369157868,-0.17958552410691472,1.1783082452777651,-2.457107113242397,-0.05813098130172194,0.132127535656575,0.0
0.9115232779054918,-0.6419987852312966,0.7868248143911597,-0.527435514528596,0.09375717890418754,0.9219515572549758,-0.9297695193265598,0.7405846707308918,0.33490257198602386,-0.33367413097393656,-0.668206595369311,-2.1008288678008005,-0.08026595635894929,1.0
-0.33200167233426514,0.6391317586855819,0.5379979660490012,1.0701173043614036,1.1067292840194036,3.155537877385632,0.5136599688707837,-0.8604705894085446,0.8261929891902798,1.6059040565382805,0.47489732438239174,-2.124291055208969,0.5553602040029428,0.0
-0.6298718472715173,-1.3219258800794722,0.1866867733040958,-1.5258149826157894,1.0231471042956557,0.7308791674324757,-0.08666894024911359,-0.5500782322075937,-0.18409928772374817,-1.0109152476021477,-0.07704429208076903,-2.8444590774935468,0.08870996342686992,0.0
0.11421994158892225,0.8451496680907414,0.299811575993421,0.977334761871499,0.5470311090523918,1.0365242704061233,2.6214250639925525,0.42001714194836937,0.18402414476736295,1.1870489212681554,-0.46823150277036246,-0.11918776596541744,0.4209946182785697,0.0
0.0724150377285043,0.06791344080088788,0.8997792033263129,-1.69605483951956,2.033459078472238,0.48590001798456145,-0.4002613298142571,1.6280529083487896,0.10353405070373366,0.12989853759625736,-0.21470328268663053,1.4676936638675533,-0.009350979167891578,0.0
-0.558415965860798,0.998772968859851,1.1829553757553655,1.6066083136721405,0.6335990420496339,1.1462664952431498,-0.25925319259829255,1.0257994199483065,0.7425226059338665,0.5304602689426596,-1.5571247607670295,-0.3881739735440746,-0.0457150066798569,0.0
0.5315960272352283,2.4007371087244596,0.8592439163520906,-0.810013360771362,-0.48024351984911734,1.3898637023506577,-0.5242202141178675,1.018704497521347,0.11722209023567541,-0.16638893946642636,-0.509065389957918,-3.0464245209324705,0.5397511242008026,0.0
-1.0521297630100692,-1.4183675997648457,0.24777470188585066,1.0295428779577755,-1.6968080880927259,1.0033955076470287,-0.9032059231283659,0.6489310560329222,0.5789492039018337,-0.2066434484485968,0.029872934561497446,-0.39620032347772827,0.2635372569274943,0.0
0.25470609301528135,-0.9238852039807016,-1.3578319231401605,1.0083541831904825,0.20401068065449843,0.8698362829825862,-0.6704037796439655,-0.8244384377947748,-1.0118369278698578,-0.1807575779702265,0.2324462875879104,-0.543824867207432,1.5648245823317362,0.0
-0.6421477928806911,0.24879613547918442,-0.8830430889968823,-0.6731199974909797,-0.08633759034791415,-0.8326360607366181,0.08941544805952387,0.44025091362240193,1.0933744290301948,-1.0799029428917373,0.16784230558231225,-0.061948125491617795,-1.8481812594592524,0.0
-1.1287870965945777,0.4749472858853531,-1.3526568139846495,-0.07342048068810475,-2.1224424968252937,-0.10295236792730951,-2.053508911219397,-0.6045785427062709,-0.43773872178247625,0.12302556252815537,-0.252551119909847,-1.235900545958944,-1.2172149911354793,0.0
-1.614108602266012,0.20648550442344962,0.1623531982622372,0.6694082147838158,-0.5001416530366266,-1.7343433887243878,-0.3159992942617299,0.011046992438890324,-1.1647489923337202,-1.0698396961154837,0.45092308575758394,0.10062154621018295,1.1328694237200454,1.0
1.722100808495339,-1.5028086360348138,-0.41886765560850914,0.12363446702036025,0.36357339922926096,1.0158811842157383,0.7286249643662206,1.1384301165616377,0.06136020635066978,-0.6285037469175081,1.949956519387341,0.15332517926225814,-0.2418474900034682,1.0
-1.0722193151750352,0.1594684144376553,1.0044900263698198,-0.500465395119397,-0.13337954839921126,0.2491564415434541,0.4721747695624056,-0.259835116100364,-0.39360919851076015,-0.5107620194616228,-1.106596390766594,-0.7701780373404983,-0.7970667585394531,0.0
-1.5421770844428278,0.9929446697580894,0.3595677382881542,0.14222711665919477,1.3045479848139006,0.7178473826387445,-0.7896156565874091,1.1733910613167042,0.9722615174798883,-1.1179216635769078,0.9027810686011536,-0.46724957209922346,0.9971482389434747,0.0
-0.3379467670689568,-0.5333327227154591,-0.4302741216894706,-0.972168206149037,-1.480356278002895,-2.4989974598476103,-1.054672999999259,2.6306232802206506,0.4782608887275297,1.8642226087924079,-0.3182005910863935,-0.4683215174764654,1.716540657520856,0.0
0.37576242835083024,-0.9552754986928115,0.6329174844987049,1.2508846186131493,-1.4278724331585984,0.46465833181068644,-1.3617247765756364,1.1967553243089522,0.23069843192153613,0.6296611588762084,-0.21744393537997658,-1.7816024292233243,-0.44143216022835235,0.0
0.9298395239724431,1.9936287825185175,0.2822900898886769,-0.686352577812186,0.5357027782674318,0.8398947342858377,0.13275373807506757,0.07121420733211899,0.21360825832032346,0.04355037743199741,0.2977809631706474,1.8275632520739054,-2.033303065605039,1.0
-0.2384556944188832,-0.9323541268243224,1.180803060566231,-0.14088216965437972,0.5597047755339797,1.427306777825868,-1.081009605613,-0.5275176378831479,1.3240823698785953,-1.1210627813404381,-0.4937803504823667,-1.6003554996424103,1.363363350073559,0.0
-0.5812465635807735,0.3511604670471158,0.6759803242439603,-0.8032368704160956,-1.904000081696846,-0.21946409734476405,-0.23582776324572913,-0.060503478597377446,-0.054982992294365665,-0.49877284233317865,-0.5375373018473193,0.2977035288147863,-0.8238573900296764,0.0
-0.09532344809031813,-0.562958731409473,0.29560524364324753,1.1085762803182715,1.14937777311902,1.289290872537674,-0.33409277534211873,-0.2500469918311598,-1.2689523134581844,-0.34254902783225927,-0.3068378239478644,-0.617147635619446,-0.6217931434227345,0.0
-1.6976981901788368,-1.3419125957223974,0.044543587578746525,0.08207330627972995,0.48305586949580065,-0.2588944702176533,0.011654237832496939,1.2505095490647982,-0.05290082379649703,-0.6320691471407719,-1.1909479040577826,0.7974798636184299,-1.7033424033846836,0.0
-0.8384186196881012,0.41857933293647676,-1.9065531768508028,-0.6143547878807106,0.12916750629573248,-0.3833376542005875,-0.9826889275282422,-0.5934443248805781,0.8169843266540283,1.8313773907792428,0.13948868159359817,-1.9882849798492022,0.5681022771105944,0.0
-0.3963835145556656,-1.095422852238453,-0.8002730514251644,-0.7577898478218816,-1.4108476027778465,-0.06306877710636677,1.828146799309826,-1.0991910910028386,1.797347025157504,0.20811667747614213,-0.09289728845608328,-0.3219599150661432,-0.8061441674653884,0.0
0.29185260183451434,0.5219790471958081,-2.425142914308556,2.5430383391676483,-1.810986365749455,-0.5223288027047861,-2.5582878593264295,-0.26790924836555646,-0.46146387585751125,-0.5116933677993495,0.30433367189375077,-0.24381172269372886,0.5384187994962697,0.0
-1.237330746214175,0.07738327683405503,-0.6316809501556481,-0.3703394465332275,0.27034864918051604,-0.5043057314108905,-0.10516573407718016,-1.1542454106433848,1.0955122303459124,0.7284440329946203,0.09998355681474816,-0.24266001882614,-0.1043716048462022,0.0
1.0740233725142847,0.6576055686378444,1.090844329919439,-0.3418910729154731,0.4833992794579558,1.1886739821553451,-0.9261458032935629,-0.9890428608065689,0.2752044947303839,-1.2349418932803498,-1.8158249997010236,1.1746457300085489,1.3488985256656745,0.0
-1.1800195542131804,-1.4319867610802715,-0.6531897016365731,1.252808352119566,-0.41073845257814434,0.09469501771481109,0.32492174102803123,0.17384780235861863,1.4940711440034178,-0.7198910287227387,-0.10220677095141711,0.2324256995973693,-0.04899570116569078,0.0
-1.219101207511043,-1.4725355168600323,-1.4934772775051497,0.7262547498424611,-0.8204029906893512,0.4692749039413039,0.08674303781820626,-0.9748571355216454,-0.9498990691795707,0.13401316041409767,0.0776847095622954,0.492032236277074,-0.45750455777859156,0.0
-0.8467077790076957,0.10987052499528421,1.4199191244466123,-1.8766790668996192,-0.7990526719737465,0.5904401422834201,0.21648563448724112,0.6050192938235087,-0.4296550246297866,-1.6119160173087002,1.6714927178666592,1.083835889910897,-0.024178157421123062,0.0
-0.8416606169709618,-0.4905675746413383,0.2290835118097595,-0.2516322666859565,-0.014499164515051998,1.6101372041758706,0.9236752132995212,-1.1707784686666367,0.07691900227536191,-0.520363509837115,0.29794312574821985,-0.06333140650884209,2.9676987787667404,0.0
0.4292616575359434,-0.13418400616679965,1.8430060573334899,0.2055494588525803,-1.5187242960803433,-0.12444697960201606,0.6137032473720535,0.4845294828983023,1.0051747043683235,0.1537164687111521,0.08311097156466393,-1.402475301690192,1.528422257862165,0.0
-0.30560358019893236,-0.9795348136223229,2.627907888198509,1.6800856882427537,-0.4477489222573484,-1.8806713442554261,-0.7184714212745327,1.5791355962599036,0.17671330370535931,-1.349436346635988,0.7839815422274967,-0.20985802861304487,-0.648701967792165,0.0
-0.5728404795997556,1.3063925081368795,0.546636348354079,-1.4860576868096962,0.36718878011695194,0.1076150797463,-0.4204077315907434,-0.36768112345927956,-0.8650524300840867,-0.662526371557727,0.2897234485360511,-0.2775699070036919,0.5456816381903358,0.0
-0.7849796324438671,0.7074946163708229,1.314444574456159,-0.006783639999321563,0.5206266102749175,0.559642871901567,-0.5020980236086614,0.5633649678320477,-2.268434433028656,-2.6665665421719935,-0.32947826398761615,0.6334658090503938,-0.08505333025154997,1.0
0.745873628978934,-1.2017356491486368,0.8828393999793924,1.628812614414223,-0.6964105149058804,0.7709987615043311,0.02281831383011264,0.44184054493583436,1.6268115667010894,0.32730327317558466,0.7644421209970171,-1.263044641179683,0.7336407859527816,0.0
1.6100071508541278,-0.9235006229132208,-0.3230231456481747,0.6861266342242371,0.44778412779995,-1.35972775176608,0.16491137241184103,-0.3326818052309581,-0.9686551322971023,1.3567248683926705,0.005460377573239599,0.9830486529061049,-1.1734130262453202,0.0
0.5889456575210905,1.061689522816587,-0.24214860035426158,-0.4971801091781525,-1.3042717410128155,-0.8680526791012767,-0.45263328463549124,-0.9759111701566586,-0.7679466611050336,0.15809691640470874,0.27778819839270996,1.0908450205317708,-0.7617733538784517,0.0
0.023185211134516187,-0.4176967725399015,-0.4883652496371125,-0.3161392296396561,-0.19617546474646033,0.2503962662960622,-0.33035796657687444,1.2273306300517688,-1.7044003816879019,1.0539536254892845,-0.36850366594203826,-0.18883291660265547,-0.009615478363643291,0.0
0.7056420432559709,-0.8802915589692766,-0.6568592272194986,0.5005596718976477,-1.6981788293752575,-0.034166630890252396,-0.7977296704899891,-1.0082291744548781,-1.63846384826483,0.7723020550690356,0.1588258992096506,-0.6722812027482963,-0.16455790967056894,0.0
-1.0928823142542785,-0.5361858434404991,-0.19834633591805792,0.06395047508581163,0.3920636119749427,-1.80585241399886,0.39517595922481197,-1.7254962211933793,0.4315334785915829,-0.21331095444845594,1.0914598464126517,-0.6744730893709083,0.7808400104737139,0.0
-1.1673932249588235,0.10588786759307169,-2.0380009695523884,0.8830629612037807,1.7268734033395459,-0.6982222224737515,0.12263056698131508,0.4438379247952005,-1.55025499715261,-0.7491066967902441,-0.8110098186374864,2.4070636504352976,1.0458023643603604,0.0
-0.21708286491610176,0.7790407440340077,0.21124951770871883,0.5930372739297485,-1.0535141612473247,1.3733763918793327,-0.7677403912703412,-0.7159720254184325,0.5902271817774498,0.34576075174346577,0.02315673607060893,0.8396000835400406,-1.1610552387535877,1.0
1.8443535466753709,-0.5006552180457592,-0.0884111371528598,1.8598267617926094,-0.7094400401567997,1.023042502522681,-0.2143219281976479,-0.8418345689940653,-0.3837391923654692,0.5662801967721954,1.0142663297577352,0.22560591991783413,-1.5979436518851875,0.0
0.6355316496618255,-0.14213183461593104,-1.1024827668287895,0.3463936203494673,1.1338395186471173,0.006718947997194689,0.923332691789261,0.46239603444059485,0.4753042948266761,-0.30548695105263635,0.818696538827341,0.914178845430299,0.7926678402137736,0.0
-0.31378673672374935,0.985079769488608,0.38631450480951224,-0.9723254614270641,-0.3814922842799467,-0.5304089742296318,-1.98789687951153,1.0034130501783403,3.1011867176830172,1.2083479018809355,0.16285932461922356,-0.5158187306290744,-0.9250837432291323,0.0
0.1506453788187591,0.9683065132599682,-0.67458245220825,2.56426017755055,-1.3839931327152348,0.22449820485320007,0.07029434853889761,0.006626420411089362,-0.5688549022370869,0.0824663936971495,-0.4497711417525398,1.287889402212542,1.620774083408945,1.0
-0.38854324938304297,-1.644970676574994,0.3176471237228836,0.281594410013718,0.10521230888445357,0.5329527210178333,1.3815278112438714,0.8329721803340545,0.5314353199369845,0.7539155447074289,0.2514758189977822,-0.9454409433522869,1.450456415125785,1.0
0.10258356884319689,-0.9459392652204083,-1.1279788155117356,-0.9177991865000061,-1.232705520528534,0.6688844266705558,-0.1751116294091788,0.7760047440427078,1.169473619916878,0.9107819169461291,0.6340234060426649,0.2875291201532224,-0.19036306331805805,0.0
-0.12364612723391442,0.5843634890461775,-0.9613153917676179,-0.05388475128738421,-0.7428421915276395,1.1729820785754614,0.717057326912753,2.1374544455755773,-0.7577012572400416,-0.6504738133819694,0.0575011002442883,-0.7254584925649787,0.5376198035195892,0.0
-0.05095312677223058,-0.48853070169968466,1.0876045646144117,-1.8495885104413885,0.5421131768389175,-0.5511324678696997,0.8167564739236778,1.056255708065297,-2.2763505370525623,-0.2116223787542216,0.05819162798660545,-2.357835743199773,0.22775082720947515,1.0
-0.528052907454398,-1.2057273162309166,-0.650489084089008,-0.8233136364531594,-0.5708573143723126,0.18512339095254277,0.9812465300644307,-0.07783594982388313,1.1027580706619884,-1.0459574838905865,0.15288926660064245,2.106611548176073,-1.5905647631749567,0.0
-1.628757728938938,1.2799717033334885,0.2205251319352799,-0.6015000416597999,-1.1296736355054995,-0.03598860285756487,0.13357909028038065,0.13852728610472018,-1.1394474175255473,-0.3369489226286615,-0.56808294634521,0.6464438913965088,-1.0804494270940688,0.0
0.07602777318039415,2.634226417635905,-1.1487304786589083,-0.7472629779049722,-0.09386245309879679,-2.942254412122821,-1.4268274571197739,0.3106925500432602,-0.17567012076648664,1.0547071575436449,-0.2381248383449746,-0.32614416319611916,-0.7028707751616192,0.0
-0.34284507810901166,-1.2115878181968127,-0.1474659029647874,-0.9712568138892318,-1.210765421246691,-0.6394574375014047,0.45115281973862287,0.14225550755791336,0.6676065265542513,-0.9232361356697696,-0.013196132381752244,1.701792101538562,1.397514731907459,0.0
-1.2746368858554817,-1.0084039261715025,1.697470389281115,0.45155042625257247,-0.19073008640401887,-0.3024116695560667,0.22745977860574762,0.2399935051266813,-0.5331611290651908,-0.16320050774805742,-0.5682208367130831,0.16874050967528376,-0.7375675709623474,1.0
-1.2677465736151772,1.4753757637102802,-0.06957559876636378,1.6970546597239866,-1.9322827211833773,-1.4494730358034844,0.4667947742561354,-0.06873259358685718,-1.1576900630542082,1.1364953572903143,-0.8698933292308718,1.1985507031120808,-0.07043482957742708,0.0
-1.0699305655958893,-0.6687385186691387,1.372153027910753,-0.29774703504505784,0.9723408713396544,1.4004400847983254,-0.08042324985598692,-0.22319295292620364,-0.40496813758008227,0.3520976243218581,1.5059300240000648,-1.2270363993063267,0.21915235965408003,0.0
0.17587942685827163,-1.8041871096969582,-0.8874657319802123,-0.6825411066876327,0.7640295328002383,0.9389509112008211,-1.8753783999182243,0.6392020829551665,0.5099279848203732,0.5783866764705748,0.15274596429765377,0.9504398451293992,1.171520695452716,0.0
-1.6338656638937428,-0.04872430327225104,-0.2544887459332176,-0.5727471030753731,-0.4545080473542745,0.18678362633739806,-1.2966087582083723,0.6706220600848009,-0.36912207083884113,0.8746466795891508,-0.6199311700351525,-0.674113610981172,-0.9454633461723472,1.0
-0.6143546092855068,-0.8014298754483051,0.43474718909465465,1.0471073196848812,0.3878680896835167,-0.07742236496724704,0.4868874441110286,-0.03641962340895004,0.028573344958479248,-0.3066389382657747,0.8365912631195462,-2.5659315673467207,-2.1328480331978237,1.0
1.0272244357545137,-0.19652713405470384,0.9172338451976823,-0.6080786455521464,1.6742441328830509,-0.13651865535961571,0.4493915470600931,-0.447146247882281,-0.8971316871557299,-1.7409285800704104,0.7857040562633589,0.39541757543424194,0.09369257994451823,0.0
-1.138615833781327,1.4154660000844843,0.1058725935412494,0.7028888301358235,-0.0029871702048390354,-1.0894215471982776,0.9924363611851242,0.4507684445218875,-0.18140997392355285,0.4336705323781186,0.8175435422521574,0.6602060569795714,-1.7113262184091833,0.0
-1.4902017847815319,0.7328491296720061,-0.6961201135380279,-1.0486125984411783,0.3721042297460501,-1.0789439071409443,-0.4791412128290929,0.8522698495186962,-1.5141418185648257,-1.3682637596956553,-1.6109964320487915,-0.8611648306846029,0.08271523905971145,0.0
-0.6187879312549064,1.5033490643257603,0.4553097520485166,-0.018818051892174042,1.2674089501776882,-1.3308070078451297,0.8665715237825008,-0.2362586366250135,-0.4553226439673473,0.6110712541668336,-0.41250858087036907,0.18190353668758144,-0.09991085697107027,0.0
0.30645177342917984,-0.5070804295378339,0.9267623599181637,-2.0441789030953497,0.6408925551544224,-1.8912397424767213,-0.7534481919890424,0.5223590552909523,-2.0136695710352925,0.16648074471572044,-1.3713458488678418,-0.9690698477029079,-1.0150738230079985,0.0
-1.343333102278666,-1.729610402575156,2.0711874604661467,-0.18247148050350578,-1.2374224467290404,-0.5621239364427009,0.036661028391435285,-0.3786948024688523,-1.2668417742669893,-0.8992316805805711,1.1857164095891477,-1.4027129566977294,-1.9969708855706332,0.0
-0.3879548133507361,-1.9317163801395008,-0.9097734043438013,-1.2519371984131011,-1.2431886414656417,0.0695297843718018,0.25705696964386854,-0.8059016420588736,-0.09438214930550137,-0.8557206347536878,0.4008386375030977,-1.4776636900036277,0.16524064711871986,0.0
0.24108059617535185,2.335979169852869,-1.7544430932573676,2.655760448912665,0.7566846105886573,1.8273147061406683,0.9052651392522558,-0.9435402090283289,0.6578400064890101,-0.6656527394549884,-0.08814467569194438,-1.174685093954566,-0.6786976611376271,1.0
0.8969765383056015,0.43795650684895665,1.0242302339272182,-1.3978120024846332,-1.870440889429356,1.1017157121691126,1.0276728696879491,0.2115374452917114,0.41922564875102425,0.8650381451308626,0.18152409258814767,0.536667248102405,0.8148227202481061,1.0
-0.09351449635145688,-0.34559489007045224,0.3820530357595388,2.264614030757832,-0.8476836422514354,-0.4307401587538532,-1.7564107063845535,0.43480339692298114,-0.5299337917441671,-1.4003323447845595,-0.06359048523355439,1.4946315650502722,-0.3520259812642808,0.0
-0.2605140339423755,1.4557069282362927,-0.005008204562074136,-1.2076403034047432,0.6889991893625707,1.1245932947231587,-0.20037518376431396,0.13049301971536847,-1.3111878335168528,-0.8705873268369175,-0.3330396062471275,0.07693060520538471,-0.619747729260925,0.0
-0.37077926470842015,-0.12381709318340521,-0.9980256063249587,-0.268800897457415,1.1559399662106669,-0.5960223964991872,-0.9009309448493683,2.085124461277032,0.22560249171924737,-0.7728383221091801,0.6435005365971885,0.25610724507071736,-0.5701863351480944,0.0
-0.048951816308141854,-0.291439340947042,0.9900831639936891,0.6813424256547557,-2.1429445616931524,1.9029089661989635,-0.2883168697401522,1.7223631860518263,0.716051135263064,0.24822993507743465,-0.09416259360018435,2.7587772478110417,-0.2716495524068253,0.0
-0.6713311034646485,-0.5813090271173471,0.001059167961821749,-0.0006862467744823963,1.0040239723364386,0.758249034211963,0.7594906864540071,-0.22823799315163162,0.6765221080112457,0.7812966426817124,-0.07932611848515568,0.2792001487227579,0.7800313928250462,0.0
0.21116530100903244,0.3065782751484678,1.4070952404147785,0.21901352347516367,-0.607732083345403,-1.345680011235545,0.11315095396657325,-0.33146712664824407,0.8083139309969207,1.5776980986926428,-1.0297051233112262,-0.8858472433546906,-0.024159109580291657,0.0
-0.7999318715922092,-0.22202593093985984,-0.5361732189006652,-1.0077777902696416,0.825885381675968,0.07528204464300677,1.830368729375612,0.35900664095439205,1.2885323390484889,-0.72879661443714,-0.7412071352020831,2.2208706069728894,-0.6089159295957041,0.0
-0.94914955082587,-1.1712461430373189,1.9157505646965478,-0.2746970396646077,0.40339208010055766,0.15139721949004023,-0.7234095483227376,-0.2963029975041068,0.8456838706948259,-1.2258577184581305,0.6741682405914167,1.4340376645215838,0.2923753399879998,0.0
1.3334002343327247,-1.3714133622209317,-1.830042452683682,0.24264434005752022,-0.5863450442592476,0.878764961659954,-0.3104439805436618,0.14719237495851914,0.08098382807449699,0.11288399490054347,-0.54264548781281,-1.3646481316368861,-0.21919154471882318,0.0
1.4500417050316547,-0.6088282924619906,-0.6143465987259245,0.15764742686849034,-1.1771025086421145,1.003488167024326,-1.0817354537878043,-0.2892972150973493,2.5389083736267355,-1.1425642370557434,1.4723707175273684,0.12124816719146832,0.26231813748239247,0.0
-0.8093612322506667,0.7987506112347709,-0.3659248129151333,-1.1477851473474003,1.455660403142888,-0.3858488927289048,-1.8593834471556872,-0.2687069012493012,0.808069512660109,0.6483618046666626,-0.6408791363813738,-0.9774811297852268,-1.366177209208942,1.0
-0.022763171678292508,0.15099574127260026,0.7089606807370306,-0.14903423054752707,-0.17866776565481743,-0.27849306825906067,0.15270169941871445,-0.1336644556398772,0.9390872555159956,0.31084497177152365,0.10800193822930938,-0.041732455298845894,-0.941824543703402,0.0
-0.000652542097019699,-0.6465282198191907,0.3465510270923149,-0.2088590495526261,1.6643146214243112,-1.261950692227527,-3.100518315375369,0.2676630379244288,-0.643246589693029,0.16106060641290146,-1.2356378234873526,1.9089597412654113,-0.3865112025796552,0.0
-0.7079455707935753,1.8904921616769788,0.8403431504004094,1.3895106441199128,-0.17217676107926036,0.04690980816485651,-0.5967262954992781,-0.7134724189613434,0.39823857905899845,-0.36845235517238145,2.22081912036954,0.8425253578301907,1.8832615668667427,0.0
-2.2286801844253534,1.8954210067871966,-2.3849463810234943,-1.260911135676816,-1.7526470161326217,0.24304914034685124,-0.018197047531609462,0.7949191942627345,-0.08846428163418486,1.2251002924679368,-0.9326932535308706,1.2481628112683925,-0.030740673360779326,1.0
2.355860200648084,0.8719070099617129,-0.3036616695215759,-0.03407295846927796,-1.0091158844156272,0.35936016302176904,-0.3041961803811955,0.7241682883590267,-1.3379991575804273,-0.3296727956390392,-1.1595211460146644,-1.0973414238238188,0.6060501672657236,0.0
1.124506338167284,-2.332545341252876,1.8618745314284075,1.4040871437153037,-1.346675722736674,0.8268435274928452,-0.4601859918245755,-0.0981005669303988,0.6020545576345785,0.4799958521390216,-0.5729961912670486,-0.5772323067667123,-0.5182265041071631,0.0
1.1428275784164617,-1.8618161714634955,-0.1619140539050506,1.5725469048610545,0.7037035509081409,1.050964055166366,-0.1480586122388219,-1.1635631797260466,0.05568755707056431,-0.6889355391675787,2.2306865127285755,-0.15817682560737806,0.637458993104977,0.0
1.7023920351479407,-1.096749182666544,-2.279729805136049,0.4900137494131094,0.6783273957836279,-0.4140968010071728,-1.1562532311431266,0.3098191055709285,-0.023746662277105503,0.32220143083229186,-1.1329558632213934,0.3247955865045988,0.8195353648124565,0.0
-1.5058880889849215,1.4604166086645565,0.2544927742176882,0.850944485915063,-1.2789306287325417,0.6825849883774874,-1.6446417687046444,-0.9482466266650841,0.26336742850271144,-0.27595016539236533,0.027497168772227944,1.9273868433711194,0.011814317322594255,0.0
0.7097017188775868,-0.06676592879589122,-0.09638470316768964,-0.9782678267293425,0.36812222547296813,2.53547941868594,0.08786297334322797,-0.2670080012144572,1.1401405600523062,1.0228027499615298,0.4390573971287585,-0.30836881394924565,1.144427459644124,0.0
0.12093000141195262,0.9137604021578942,-0.8192974398165408,-0.5867099081487872,0.09688000784855312,-1.2352072655184791,-0.36990104546802405,-1.2795389513121784,-1.5447527151162683,2.4359926764663995,-0.6089747611860167,-0.5210329285878214,0.08021909899914209,0.0
-1.0617375324149965,-0.5016680728857302,1.8344091685014474,0.35809958289124727,0.9860817424321322,1.573593033334948,0.21064948636393768,-0.22124550655141986,-1.4338544576382972,-0.3828934467746463,-0.16249776433564891,-0.8072780096591268,1.545225409371374,0.0
1.1022945628205107,0.9855421740763651,-0.11620264025877812,-1.033031850654197,1.3280015142171002,0.33536128467438253,0.7730823723542751,0.619247334583021,0.310627254357165,1.9996158165082094,-0.6573936723300476,-0.3089295518411869,1.6411586017553217,0.0
0.08206341550740556,-0.12593343347951702,-0.25300713479877673,0.679302612943759,-0.22928482608808806,-0.3415533320162964,0.6628156164000343,0.09325716638803754,-1.0094469902544805,0.032016417635237895,1.394531501962776,0.7653061459116238,1.5179796714236287,0.0
-0.7312999291425445,1.0702297747470308,-0.6485168659641393,-1.2323929210609432,-0.8030637167384439,0.13141026339446346,1.02795154982348,0.3104156445865647,-0.15328167936689113,-1.0322113999864002,0.705331331566252,0.9636226357893163,0.29828360652638897,0.0
-1.052318623989515,0.8087091296855378,1.2272447425947532,1.5330168719778,-0.4376970057257168,0.4363048558011988,-0.5345317580225847,-0.922361435778424,1.5832041782833295,0.5645671946772005,1.292747631644329,-1.2248250900709923,0.28841907490903373,0.0
0.508299066149807,-0.8321786228646274,1.4878384660252013,-0.2455201175545691,0.45363529211749193,-0.5502583826516672,-1.194407517857041,0.9130600941843164,0.37907104740435726,0.23725168711978925,-0.27816865509794414,0.35182964331960226,1.2662374376224166,0.0
-0.6838095391391514,0.5602726599888912,0.20249025100905954,-0.18441457369593794,-1.6455566394986074,-0.011992513555838524,0.6726885246086608,0.3239724190749077,-1.4386739973910116,1.247055147453663,1.6479201652947455,-0.10949729898154406,2.3110763408251427,0.0
-0.8295501949021179,-1.2720989827697724,-1.0148218023068818,0.24513877164460116,-1.7783483111769827,-0.31091285320913553,2.934550333525188,-1.50382440899974,-0.5471095095833044,-1.0360683000739026,-0.28481713428396627,-0.3481571205594716,-0.6695612297329468,0.0
-0.15630476036947946,0.6332055895515171,1.385345839801265,-0.284425486113472,0.005785161008719583,0.46325582837971063,-1.2357784166304964,-0.1526510011619757,-0.5055304978126098,0.9519329737588539,1.751825451985832,-0.7770625331630283,1.2799902301207575,0.0
-1.45837244314143,0.2006736846424722,0.25999680957264265,-1.4839144438469456,-0.8284267815917814,-0.9257208454693113,-1.3113992295100276,-2.666217910323733,-0.2072494482312761,-0.08677383480723386,-0.09462547260541018,0.7657061044638515,-1.9378313195595678,1.0
-0.3810501178791003,2.559977905854436,0.8867559129627873,0.8924636692276957,-1.0165944618827407,-0.19590390431964824,-2.299860659597387,0.585482307304182,1.4002990686897685,-1.4497976089420361,-1.158884322273573,-0.03202803350422385,0.1532940018810255,0.0
-0.5417254790471888,-0.8153695791425587,-0.8046572632141292,-0.04903119381479796,0.5861371934653619,-0.04930224437106962,-0.14485979258289414,-1.7592542762723542,0.867058675371582,-0.05139017799692393,-0.43662623158653324,0.2551383404376997,-0.8438098569549082,0.0
-0.4158592780756997,0.10758764407492293,-0.6785546936714322,-1.6456753801737345,-1.808472183408186,0.44573282110395046,-0.03110878678059274,-0.06646973137134236,-1.1618027256970744,-0.020549335137295507,-0.4004545922098025,-0.600061878271369,-0.07505075452014554,0.0
0.2964309331928697,1.749902984204249,0.5652933167182115,0.8575626820018164,1.1046550703746478,-0.7640226227689834,-0.3208845709671558,-0.9049105281820418,-0.6818219023354043,-0.42824242412785035,-0.7056552824196224,0.2241024573956591,0.43284313103975297,1.0
-1.3061426653360377,-0.31208185118424725,-0.3011316257779451,-1.4724063289759912,-0.7661454162229356,0.8734523311541298,0.8605775094800593,-1.629189845625696,0.472129007162078,-1.4702873770021456,-0.40148239406404346,-0.09731929769235752,0.7527753704831252,1.0
-0.17458798999720937,-1.0138624340598628,-1.183941540627166,0.167988667456656,-0.6337994689940577,-0.4086936161103739,0.9704645934759686,0.4348979311493902,1.5868958435883187,-1.0181974206769298,-0.7091914727630896,0.18368732937896187,1.8187975099164502,1.0
-0.7948653860459484,0.03841064620483958,1.3212300927579208,0.049921015141119386,1.0200038546361638,1.9574894226857267,0.295123836302841,0.4584806238013835,0.7429450628801199,-0.9043714978997043,-1.4815667218738533,0.15845239159628452,-0.625129377824566,1.0
1.0527582199636238,0.31429716036914124,1.035811403343528,-1.2016488998478048,1.0015364334937034,-2.298758284756185,-1.1196101441942692,0.6322384393417465,-0.5025614171084902,-0.40630174467130736,0.10723427753057016,1.421955007130445,-1.9217694764954205,0.0
1.2487063626978616,1.307460119141372,-0.5043736219613609,-0.6948848069883763,-0.1179706764967024,-0.716171702601122,0.34477657045282867,0.4750122503518324,-1.5539095245773653,-0.9203561754710375,-1.1851390290588746,0.21468748969751988,0.8723321094033676,0.0
-1.073435493832732,0.8652761061763303,-0.9247995055909158,0.7186219599626317,-0.2837314295259125,-0.4417007057309442,1.1424505374767153,1.7876907310580887,-1.941749441565175,0.5994356797744166,0.1773342421682942,0.6578825075003573,-1.438514264363784,0.0
-1.084320655363474,-0.6714297250646478,0.21306576870132746,-0.7326537504674254,-0.3230228891937344,0.8305279225496077,2.048813619098334,0.7592002593531865,0.8593952043388785,-0.18185104452003298,-0.8906034022714222,-0.325957992728511,-0.057902251387847485,0.0
-1.1601378147693766,0.815120685452811,1.519450534568872,0.12242192471724474,1.084073977250119,1.2084321430454545,-1.0346502233441088,-1.7378060335001404,-0.49901583511758474,0.09588269912817164,-1.196131755773166,1.4222235826783842,1.9488015652505866,0.0
0.17919694822734167,-0.9817973244060151,0.4862953485057155,-0.984940289351889,1.1430935490208658,-0.23143159124699456,0.7272528561790889,0.90189726098959,0.5379580138401937,1.7852807297716604,0.17827311609642116,-0.5031953169492936,-2.10218955115154,0.0
-2.2839612242641905,0.6520381052220683,-0.18384405867081394,-0.8153958068949927,-1.1139051688894404,0.7409543366714663,-0.9835350459461226,1.630660987142157,2.3509866157346044,-0.900036811993571,0.669825145426235,0.44002159350898895,-0.9876488102822554,0.0
-0.9819880766894714,-0.12259122185448969,-1.1383894316893033,1.0912569609811595,-0.24611051385781257,-1.1206283663388281,-0.08898935888336583,0.46642330074235205,-0.7244476780449395,-1.9930911919529295,0.12636777076233408,-1.2169996327947623,-0.7937483330446092,0.0
0.46910516989907886,-0.5878988956536116,-0.14111178679923259,1.4530510986372605,-0.35203733535524195,2.0213161425701083,0.7399146447350233,-0.9313743018097279,-0.47635361447875973,-1.2626428850405527,0.6374563999301467,1.3245145970885108,-0.35839383961089344,1.0
-1.861394753942005,0.36046976996394575,-0.8619828965717148,-0.7106690191120586,0.31152716606044134,1.2319841203194344,0.7395017281203867,0.4295009882938176,-0.15725210258654404,-1.320435961655605,0.3479421169986218,0.7177299646924882,-0.5950823465595872,0.0
-0.3663634620291128,1.110051924183237,-0.3924755199501522,-0.27056064874302543,-0.08839981199359072,0.6655575829394212,0.29333120423822645,0.21926300044799812,1.517869313002281,-0.4095189233776805,-0.9505339031206822,1.02209805474595,0.23093160014119993,0.0
-0.5892461965600506,-0.35986541377976694,-1.2739300271305343,0.23168018278815267,-1.4614210359722641,0.6820280576307965,-0.5224007153542928,-1.3940308017080008,1.0972487866912182,2.2563943877799755,0.43732050883858337,-0.28542083627746917,-0.9600683448170698,1.0
0.2618346121051187,0.6367327633998244,0.006893151495639481,0.8954379229934046,1.5138896877040646,-1.2596882006566867,0.29404930171907423,-1.9033319994232245,-0.8140488048248342,0.7198639579501417,-0.0468050753869691,-1.6108984195665206,1.0499111640103982,0.0
-0.543233789381639,0.8508872287581403,0.5126819747349824,-0.8331277810739236,0.8689061178306116,0.31861664019945896,0.1750476832688515,-0.46815122403571874,-1.1027240394794329,-0.41868006380503087,-0.44044834665101457,0.851618968732709,-1.6489845580494338,0.0
1.470714889966858,1.5255954175550697,-0.6410038025236957,1.401573810671513,-1.0055818870854354,1.1271255468402208,-0.8196590542997253,1.033436890887311,-1.4373932301107604,1.082852278515617,1.288580572109615,-1.4695730237679463,1.7572594429761526,0.0
1.0184965017247904,-1.9979920782301845,-0.48996026897986955,1.0376018056807519,0.7231116118485449,0.11178756987727773,0.9279646498992755,-0.8740291821832805,0.047362940214034796,-0.8455811982026863,0.13480926012222139,1.0010309580255734,0.7815604796316087,0.0
0.22288973755123528,0.9896937505958117,1.0881780137567136,1.7973228714625726,1.1674682045475875,0.656423018077778,0.9340913546437991,0.2435594142763856,-0.2799494329933426,0.8676088271035266,0.7571243357250551,0.2919552726728605,-0.19459419415963547,0.0
-0.250053856047075,-0.40871052773979905,1.2557078255848309,1.1784269584876566,1.135501896858702,-1.051858592244874,-0.35929083956501795,-0.2573912747977529,-0.6061444701602455,1.8625950986011728,0.40046445554934346,0.3286091919037089,-0.4659203354115733,0.0
0.8620919871481404,2.1915367596624282,0.08095102239639053,-0.23351480154486584,-0.09058514278847873,-0.3220519302947113,-0.0028660644400470493,-0.611474011649167,-0.8865488300896022,-0.02123905757700578,0.08109860391191025,-0.2731145630380019,1.456978286196328,0.0
0.41549065031404575,0.7424581478191892,0.769022345783737,0.10464594608087514,0.2186514650023303,-0.8601676918416254,0.655982846379287,-0.33331469471526015,-0.6397513818137569,1.3019659873948983,-1.3322410537860792,1.719075775667114,1.639930656356362,0.0
-0.22224107051234757,1.7851990785399234,-0.8883426337857574,0.994088944510296,0.016799635809938273,-1.8063938739481666,-0.6310109560847117,-0.17450269002554186,0.779006311699187,-0.477082410583518,-0.27314521941036896,0.5409838222019678,0.4880960017038377,0.0
-0.09172558566377476,-0.30284542716021184,0.9393064636280205,-0.30846665033061815,-1.1893860234653737,-0.3944004493986736,0.5468166708397033,-0.14929061174322386,-0.5027639223642002,-1.2548031010876068,-0.14393666114910383,0.2279128498530932,-1.0073844123720699,0.0
-0.18928713364777308,-1.0938956418128853,-0.12877830122009162,1.7254953621777067,0.17171327450677207,-1.581573365246042,0.33113027814467494,1.3118141831941261,-1.3840565112398355,-1.0454932173174223,0.25834847760396457,-0.0871154526523343,1.211169370366708,0.0
-0.18063705277517667,0.8254474989892364,1.5281032627129902,-0.8675893507753502,0.7476722752778516,-0.40086143257108786,-2.215235750425496,0.476375837817217,0.5994410354027534,-1.5492426984289036,-0.45392921547102894,-0.6230051569984238,0.8099877460973516,0.0
-1.549191433596769,0.10675880427533697,-2.3396933830772624,0.3795097827753808,0.12512896420048425,-0.5109606079931348,1.428297225490979,-2.623149905574143,-0.018154926591744922,1.1975985586161837,0.12880857912740826,1.3660661476625513,-0.45057346158531253,0.0
-0.16716050704993318,1.2332569317199873,0.8945537405250289,2.3992533081567524,0.10281678725419531,0.20024642593920713,-0.46140007502369396,-0.20405378712317782,1.0780655633926064,-0.00026537157730576665,-0.8072914936139879,-0.3760518153977747,-0.09032858524882625,0.0
-0.7425112686281092,-0.45795914315623126,-0.9997942950310515,-0.4226048015905454,1.166209150974848,0.04838939523229088,2.461319393641058,-0.7638653929908276,0.48549449533883066,0.22220582358138394,0.6504395122340233,-0.606069191990721,-0.3684651709341949,1.0
0.40725578154748737,-0.5046692564043942,-1.7734693996764814,1.310451555043439,0.8880950643232843,-0.41713730096977136,0.21831719307032474,1.0068305429130695,1.3442212327998568,0.10425930901538791,-0.5853593944774028,1.4642684555550287,0.09471925411363737,1.0
-0.14719800650758755,0.2632132303619304,1.1547267197352027,-0.03879871444161535,0.985999266936274,-0.20854215450064256,0.6090553462441526,-0.9480883863777968,1.0696094124565543,-0.6760416041030876,0.45928709768736153,-1.4865682262599316,0.02481433131650843,0.0
0.18812319186147783,-0.6813258209423623,-0.10977463910017636,0.26210083651778127,0.5632686525449273,0.10014310856508608,1.3324438280783,1.158262295580034,-0.030621131396822827,-1.3303308529467035,-0.4870762148588538,-2.2291258960576865,-0.18312986127934006,0.0
1.4017534423040345,0.7910087097732184,0.08351054990097202,-0.727464305673927,0.12230429008852294,2.1312274760986716,1.487698603854576,-0.15029526060113338,-1.4819470130726777,2.2080962955288306,-0.7288399587541092,0.5300753375993843,-1.5587168656928039,0.0
-0.3230847301941572,-1.562783396652724,-1.1618854359956385,-0.9247154995071485,0.4770045270150447,-0.09609017599740294,2.712259107049089,1.133797325262076,1.1554910448774365,0.5036675387821951,0.27605198219688404,1.1890573220626914,-2.3812212649361095,1.0
-0.6222109832880652,-1.3604943023485239,-1.8842891862985096,-0.7686947354683101,-1.1477876077694382,1.1941960897436203,0.09163202868692485,-2.009964109825924,0.3140415293084732,-1.0121934189651745,0.06229523124272585,0.39372168349882763,-0.7504823887797306,1.0
0.21735983713841495,0.40207342674734803,-0.1642709957569328,-0.7196245945313875,0.0031424179997970292,-0.13948606769510388,0.31652077803326206,-0.2637730249009679,-1.192019783176972,-0.16900903006111112,0.3266776633734169,0.1851355208142539,-0.11092625514791714,0.0
-0.486612989703513,-0.538342527177355,-0.43454240541758876,1.0761601959123104,-0.9478506246625915,0.09098959670414089,-1.2579978771515914,0.7647322861691327,-0.5361327130120968,-0.8256129574817443,0.21544853890827792,-2.460748197936611,-1.2994770456855398,0.0
0.3609090872602633,1.0146060961750274,0.45093731570035744,0.13943296362956603,2.410384157935951,0.4914002795447624,-1.0445129163978732,1.0246617972315553,-0.6410347284089133,-0.7082376372090788,-1.3809328603787094,-0.4114144421036486,-1.2294949804525739,1.0
0.5574246050341775,-0.12541552326532246,-1.3609539127947337,-0.08104332966152035,0.9938312603314055,1.622261372055122,-1.789615461248012,-0.7783454245840526,-1.2893502990343562,0.35355106084823074,-1.4089104098807872,1.0592350478776575,1.2036929134095555,0.0
0.8181187171550729,-0.7172873922056584,-0.6543194321688955,-0.45664722342269604,1.105075139869938,-1.698032274479278,0.38612411586985523,-0.9334487601860295,-0.4194207685841112,0.7361434480328135,-1.5154463255654003,-0.27774050888572704,-0.12883711188023847,0.0
-0.03739233829983229,-0.1031810651651815,0.5566582847097322,-0.4519895562765711,0.3653669371352648,0.3298388340631332,0.28606856256835195,0.5278386892100967,0.28208039892514847,-0.08967265899701021,-1.2689472346382666,1.3571868008004018,1.6946256085102893,0.0
-0.359407145993602,0.45640785135424433,-0.5476128790257361,-0.7202197821832982,0.05531581133730173,2.8074558320493437,1.595347011002865,1.4455335910176144,0.5187719143432323,-0.9175250815679685,1.0368156538600375,-2.8422068770392466,0.39087465713143815,0.0
1.0978779377191867,0.1514842547448576,1.6593723802804718,-1.4258876753066188,1.6006956572052147,-0.15771170483572491,1.4507827782032208,1.0201968724592734,1.5140705120549351,0.9754655100431967,0.691934959018858,1.3661637520350713,0.05547935748301615,0.0
0.6023417159172672,-0.0036179505688740017,-0.6858332091414936,0.5269462553651643,0.19674580089945296,1.2569742409037896,-0.1922543922144334,-0.7606914479853172,1.2430095301616702,0.06334108708354304,-0.7912291388390514,1.3890459867356229,0.9267607075552159,0.0
1.8488324987648619,-0.34091460288936704,-0.48081578748434,-1.086571610050507,-0.5669050162868301,-0.38636012699187483,0.6830014645345462,-0.9293697992593608,-0.663336837389439,1.6966573032432195,-2.930931240235981,0.4802605927875318,-1.2904166127753978,0.0
-0.8052521389988718,1.4233617376304968,0.07157654429672844,2.6570760862853966,0.6268126272447856,-0.8296738747657025,0.5577390196646843,1.1299724153906707,0.521932678770256,-0.21536090529134394,-1.6910573926287304,-0.3224459235362533,1.6676163422043686,0.0
-0.796716765539889,-0.4118211036040762,0.9932892150895127,0.6197025296629742,-1.3098996346607559,-0.10861676956874153,1.4069696819330804,0.02647857853564339,1.4312310049431152,1.4877757954172028,-0.9276600605294759,-0.29504505308353224,0.657603556595542,0.0
-1.5376860154143381,-0.22304945928457628,0.546186361717454,-0.622251051197725,0.588107078330844,-0.6001726758797186,-0.6112521178563375,0.7441859187417738,1.368044933223274,-0.7107446188729217,-1.2113603514390614,-0.037256475745382954,0.4669016024769167,0.0
-0.7207271291498991,1.6606887224175584,-0.14684033202314845,-0.7293681366478194,1.9317020790847794,1.2665423446104647,-0.7274283261149272,1.0671408196914154,-0.6558441373809408,0.767576511692936,1.7773244273526807,-1.2088377456311843,-0.537770150175439,0.0
-0.5158310904126678,0.26560839409863585,0.47333449930085075,-0.08910001019032388,-1.6818394355666786,-1.2310106936273546,-0.8835487309788308,0.5598967002527527,-1.395110343808505,-0.9136829197689882,-1.1336427529856867,0.34130459362638454,1.1317420893805277,1.0
0.15415406642528073,1.9935032759049072,0.1539485126740389,-0.09414529117776797,-0.7841720420312129,0.2029897176693272,-0.8267759508144501,-0.978977091768429,-1.0075614837189162,-0.22422746212818084,-0.5001025027369796,2.654733897417221,0.20937995278964205,1.0
0.1929200749752277,-0.5519567132358291,3.0654745270562183,-0.9239477818007406,-0.4737097384137439,0.9992107079043258,0.20235139831132049,-1.273035894847453,0.02729237665881134,0.6796846464206171,0.5120196042978917,0.6611842262657825,2.1856978890881797,0.0
0.2715300928230187,0.7956444585403569,-2.424178003827882,1.8655649006872297,0.06499940583025574,-0.8680056355106488,-0.19522814470389221,0.6625218691680325,1.0347485258948153,-0.09524738878747037,0.6014419719234703,-0.2632170143995981,0.49162736422323294,0.0
0.20627299219560866,0.3008260070455914,-0.31096425779013315,0.4036583099795738,-0.8265465998842367,0.19461864787000738,-0.6344673705451552,-0.993663081550909,-0.7055627989548114,-0.208025222969081,-0.5284719699897366,0.396286310742314,0.07969195998551978,0.0
1.0145604493579286,-0.0844623539595969,0.18068705853237874,1.865921240612676,-0.43883549858763393,-0.28515227035343604,1.2034884254283431,-0.956826881984917,1.3153742427340387,-0.23689749070480384,-0.8333017525421654,0.9052163290676052,-0.2511263054393235,0.0
1.8242875053367738,0.08115765207318307,0.07388600926228413,-0.5861025217233722,-0.14676429699879126,-0.2726438078900072,1.3313823614274247,0.28960256604648826,0.70555074738604,0.09849699466216971,-0.4109520680145248,0.37099092379593257,1.590746783726565,0.0
-1.048392936238106,0.4194812299378129,1.4965814010654568,-0.8147727765905983,0.922011325247332,0.923170834577182,-1.2942806619641185,1.1104364690696817,-0.5941180005624731,0.3588498899437657,1.024141182652062,1.2000811889373437,-1.53584951466072,0.0
1.788602503124546,1.4179282276890408,1.0519341203666208,0.36147796359573986,-0.43569787994931936,-1.0831818341537949,-1.6238403380849185,0.6445360062345289,1.0514307561624865,-0.08462132185920485,-0.460974506380938,0.06991283749788124,-0.640388229717247,0.0
0.021609695873238244,-0.6977655785631498,0.6120393144760583,1.2438695132181863,0.5085063752405107,-0.08046546468416199,0.989130711151934,0.018906312992809135,0.9573487236542275,-0.6361439607491345,-0.5067374239449255,-0.9888148403969083,-0.4654757910166457,0.0
0.981396564897123,-0.8717476352890511,-2.304560040374312,-0.41451460684807306,-1.1737291472430973,-0.5044110671438824,2.106869523992627,-0.8889694517358779,0.6335339319776501,-0.08021525533099136,0.3724806631947506,-0.5092603330287183,1.1613463327083546,0.0
0.42684734165334415,0.45463539306174733,0.0988939590945645,1.255961235637823,0.5601516106749359,0.3709047162658532,0.6526451427905684,-1.7599778917396594,0.1877605036886939,-0.06402375039945557,1.1685841770407939,-0.7010289973862806,0.2011057599920476,1.0
1.9238404953656398,-0.025715040431114732,-1.330273797293389,2.173940051031132,-0.7155469371094773,-1.0397779879013678,-1.000360262297969,0.7276644939459003,1.2977799736564843,1.760403013952633,0.015320129061150838,-0.9868736969952184,-0.5699449320151665,0.0
0.033584082729235756,-0.021184971360694572,1.3082981667121258,-1.3176136901327618,-1.1154761519452376,-0.30980978716199703,0.3692041424911018,-0.4426562668791222,-0.524082909150363,1.1737464193069869,0.4719530563878899,-0.9847227774720781,-0.5097083008530919,0.0
0.5168170347234895,-1.2610223457881222,0.5107331209185941,-0.34379808625115027,0.3628082765526866,0.11986447775507823,-1.1173543146093494,-0.6366197068870718,1.4474009983498786,2.3713218080878464,-1.747242187685385,1.0431231160001426,0.29561673878513534,0.0
2.082283256474308,-0.5585118440896735,0.8982838005503734,-0.30264324635639034,1.2814032104724409,2.3112878648193624,0.2130652209787219,-1.138962382597892,1.4138727729300078,0.5654821696804444,0.3780327533585859,1.583238608058682,-1.1376364698664259,0.0
-0.7161819448346594,0.5942653450095493,-0.7384784270258196,-0.31600937548739405,1.2747676952781029,0.4329535655285856,-1.1788275891650584,0.4080358175759209,1.239073207631966,0.1715380625164287,0.8717985314835976,-0.517010240183789,0.2598783464820215,1.0
-1.5767642925794465,0.6297322796636441,0.3601305894751312,-1.2902657212373323,1.5208792618404643,0.5711343550209125,-0.6926746180864651,0.6561275961627581,-0.9844353337741739,-0.8461376446302264,-0.9792313201564332,-1.0081018033799554,0.43761284420117397,1.0
0.09452454981208078,0.7482212191692428,-2.819685876696228,-0.3915393978329795,-0.37740474592305123,0.05263428916885369,0.02677173858233666,0.22808529480940576,0.08881466620433776,-0.45879750714470446,-0.3995462576866029,-0.0528191969789948,0.5046433208860771,1.0
0.08509789731516855,-0.7851849003734418,-0.8381263159792453,0.5098955592521612,0.7573927118991367,1.0710142364406374,-0.49092608066799537,-1.8776836036403095,0.3816447954409669,-0.7156318512457902,-0.10337035972130847,0.14822988718903374,0.5536496640220862,1.0
0.8931988471798203,1.1696348936454029,1.319318518641633,0.10404642527156989,-1.6886427345686514,-0.6095404688348365,1.4081260863513223,0.1487595579481432,2.1783746100234884,-0.3789853971844439,2.3128630356740842,-0.001508385268992061,-0.4197532816013393,0.0
-0.7116665396094094,0.6598539770202814,-1.4130539527866237,-0.5497557299167256,-0.05258168216537979,-2.2578367885420474,-0.09743587600122332,1.7204965238902798,0.4319550304896558,-0.658045654497332,-0.47787530542682366,0.3371454144725298,-0.5107471349188653,0.0
0.46855979908194206,-0.5389752085167775,-1.0242926855076562,1.1807954288096731,0.7090397677030819,-1.8884294694310346,-0.33685817420455166,1.0429391794869778,-0.16614063993086678,-0.5805492717788093,-0.25254412221508465,0.11091740799409404,-0.1796357014884086,0.0
-0.08267667685987527,-0.1499397797674638,-0.973618410764647,-1.0251595651505625,-1.0899560261374062,0.09149951045738955,0.5827655308685414,-0.9413031669726543,-1.5001198301911385,-0.8713190961704861,1.4024035423655987,-0.3131088660153109,-0.2140849466256299,0.0
-0.7977129791066363,0.571705806585918,-0.12333571837386921,-0.7266388782019252,-1.0309106271844801,0.3778475896161037,0.26398515459944805,-1.2382806884735476,1.2273821883629545,-0.641888374641698,-2.224753348038238,1.5286344158295317,-0.10254219853335657,0.0
0.4344706000273546,1.6722862453384253,-1.0026214493763508,0.47933544944132955,1.1753283441498767,-0.9345106766049461,1.4606568358407617,-1.409159679718801,-0.09536494178380363,-1.0753368542585,0.6958429170025704,-0.9653942849153981,-0.6173090230571722,1.0
-0.8789654136424417,-1.2019359316198368,-0.7669651171501998,-0.04533165858844122,-0.10021588301841317,-0.21647312939848742,-0.6665431106342641,-0.3560333076630912,-1.5855858817239625,-0.6989867711171525,-0.2217616696324985,0.29435693938504603,0.17226275820031747,0.0
-1.2279798113777027,0.4277872656377073,0.12225023137754452,1.4401669851800858,-1.4944009395229068,-0.13647690929569753,1.031306385325691,-0.296425872025663,-0.9134558201793502,-0.8160609861710073,0.7847906543034202,-1.54808802536075,-0.33323039715853386,1.0
-0.8760694995106024,-0.8009357236962918,0.44160085983323455,-0.39529277686045067,0.2330340782654089,-1.2420072159396858,0.8298985904643343,0.2126740161417844,1.2380079676688707,-0.40695041582726327,0.4495626610845428,0.7833969163544978,0.42989503470490786,0.0
1.6977891907356892,-1.6632183010473267,0.17465091789780077,-0.4058544196767153,-0.4776898548900925,1.4935345098230122,-0.6202121344933909,0.8528265125179753,-1.0540837531960074,1.0195134380528819,-0.02245172818424324,-0.28276051570622746,-1.5367545481921763,0.0
-0.2806825908490981,-0.6867536326354768,1.747662555630899,0.05166573570240984,-0.5964964070189619,-0.6388466986175998,-1.3598951199530165,1.522279130655842,1.2562792155161797,-0.06691910966804687,2.1793453990456633,-0.013100404731853994,1.096433128404843,0.0
0.5661613562018004,-0.5744979483692321,0.18235901774691093,0.37272402725589654,-1.3042673743790596,0.2879755419142188,1.1409445323532863,-0.6915301162068738,-0.21042156610892052,-1.1096035807763627,-0.4827978425641864,-0.4052034008671678,1.5781624846935967,0.0
-0.317189869148808,-0.5303212520069929,-0.09395656009507429,-1.707686041136845,-2.358713848355779,-1.3821152379431123,0.32410295159315233,-0.0026769058100083918,0.8691051213945836,-1.5203710323543804,-0.20406319607926093,-1.5918220522307343,0.26732050937813845,0.0
-1.3778984665331833,-0.24336829695754075,0.2063968896770385,-0.3911991834012795,-2.2619503047535257,1.6623327448546679,-0.49737587304286685,-1.6095072974234057,0.7611960007958736,0.7985697342715286,-0.3021809007005816,1.5362482255597447,-0.7406959375386328,0.0
0.17564858829497557,0.5108016394234244,1.5139982184565095,-1.9433093763805336,2.2918055777247517,1.1738726998258786,0.4494559945440309,-0.799652252504667,-0.8836687486836406,0.2878313284506279,0.49379999744829095,0.3648679999892819,0.15975274595613512,1.0
0.4319627637823686,-2.1856225935245375,-0.266104413905511,-1.383231796655113,-0.04053863679784717,1.3064656962704604,-0.9086868906751132,-0.7092895699727372,-0.849516831242131,-0.7159071055242116,0.5540527008421325,0.7871971805047373,1.4692006801269204,0.0
-1.0051294015645305,0.6839395206608945,0.8503691928451103,1.6532963487951777,-0.9304879345378066,-2.003579874871768,-0.2773857662212935,2.8086874504384176,-1.0952627836528417,0.48692494721187946,-2.2165285965750026,1.814839917919452,-1.878204537803571,0.0
-2.3911295961130907,0.09886908913183513,0.11836954613169598,1.4192894501327258,0.8494613239905715,-2.000576078362866,-0.1518695387949266,-0.6970892591780458,-1.3350523199415294,0.43367258058229596,1.04298096247151,-0.8052958126562947,-0.3328502650017941,0.0
-0.26618623231036487,-0.6610851291537564,-0.42738403565706384,-0.6617258398621126,0.1246342019944168,-0.5864427181502997,0.4270924607622362,-0.5901084061327401,0.6467405786976876,-0.6116845805072847,0.6057362818942008,-0.8485912663189409,0.8853625426112812,0.0
-1.7780249658410585,-0.005846305049848549,-0.5671509901316188,-0.04618132094257985,-1.1859887865917085,-0.19459693640057193,-1.1093536531710466,-0.23817040661550645,-0.33115193777375945,0.3299228067842722,0.0658093134165455,1.878302393604953,-0.5099347554150004,0.0
-0.13262864277103922,3.1843065686094505,-0.22355192979667707,0.9532213689172762,0.5765498614526635,2.3347795202912285,-1.4306457176376344,-1.5445807167855237,-1.1178796213925843,0.1727791090205051,-1.0034023133339973,-2.1334418595725504,-0.924357635084304,0.0
0.3685833404780923,-0.903595539019649,1.1424121350646737,-1.1253847387385107,0.014143946025100568,-0.39092509740414133,0.18848015849250044,0.28885414893463585,1.5851963453903146,0.6898459638191803,-0.42076629941272037,0.6128627402483418,0.7502483033859031,0.0
2.044965878741407,-0.15713324622188088,-0.08291505299671151,1.312299296282208,-1.998520676266542,-0.20463798167275282,0.6943331736840567,1.0472128249557573,-2.209351485255981,-1.338267571438593,-2.4926902213340028,0.8729390105255233,0.2044566880510981,0.0
1.4190138221575739,0.02916743964418905,2.240984052644181,-0.9430303455930448,-0.36713913611167776,0.41283044569646227,-0.7127537897078842,0.41716602982283835,-0.11065268295254835,-0.16892227156168274,-0.12528291791081395,0.7054000299739952,-0.34289038161196994,1.0
-1.1199468618264232,0.06716899623437692,-0.6339158465566074,-0.9992117645928202,-1.7309861131136104,0.9311322270877044,0.6624988822977107,1.4074129179649244,0.0027750498320230983,1.0785517463196914,-0.9436678149791751,-1.9081123916493083,-0.7516558901103929,1.0
-0.20594366171026532,0.3604556774308046,1.2808536031029192,0.32208037938098155,2.257396758082088,0.11982002363119884,0.10073545010399143,0.33820263887124086,0.37895248511908625,0.36458850446668967,-1.2322519950749031,0.8521927484960171,2.505685317702482,0.0
-0.8829839815076107,-0.04123851563718611,-1.3727908413792844,0.7519213094036389,0.7509605607488775,-1.504033365210757,-1.312452142805259,-2.0816645288236657,1.5703795745833082,-0.8387165828159853,-0.13421120142921086,-0.36665405269758966,0.9884480218458743,0.0
0.6602224383984487,0.6068209247006798,-0.8120561918773362,0.6812312759343645,0.9284373909475603,0.6516970347806933,-1.2890621316280395,-1.129743665731286,1.737123856849034,1.9439458970005075,-0.0699771703456238,-0.07127123234851473,0.15741480653288561,0.0
0.5790040339801487,-1.4425031043235188,0.2304188343636676,-1.0307514947069825,-0.020241474688488924,-0.8838302728288646,-0.6482837093030557,0.1815874107078254,-0.6173036700188168,-1.0988495610006839,1.453509301955026,-1.084542776991405,-2.3104567388551636,1.0
0.568764796249759,-0.28967990997036003,-0.029337605286359102,0.15818300279692918,1.2706548776924058,1.863798199901956,0.2534446490884891,-1.1757270617024522,0.14596350841769204,0.5891821503702601,1.0036356434688862,0.13729387534932191,-0.5605410801277734,0.0
-0.906787753956956,-0.1165540855360704,-1.5010044478985711,0.39438086057895955,0.1773161454734154,0.17234622710469064,0.717626817817652,1.4509709587399102,-0.0704312270453708,0.0769332757796769,-0.36966534797584266,0.5515112398502208,-0.0076163340788860555,1.0
1.1550596677188392,1.134046927531845,0.3160750067418458,-0.07961143935964222,-0.2732474474726456,0.48036652412077635,0.4830266590575222,-0.27363273984341374,0.28844322572799647,-0.77422194215489,0.4509291195454621,-0.6901900538918181,0.7720356474234201,0.0
-0.31671433113945885,1.673844259768037,0.039097995600402106,0.237964891899888,-1.39866190512287,1.406543147176675,-0.03793469562762447,1.7395045965380636,0.048243688084223385,-0.21412691826881255,-0.5114736562743465,0.6421827950995298,0.5207567733814612,0.0
-1.33403462881851,-0.5688904096232748,0.722484243566068,-0.6444757702153827,-0.817036930982798,0.1962438502353954,0.08714500271659474,-0.46398728473117107,1.7673863326594845,-0.149010616318601,-1.2649941562610405,-1.6189116969725195,1.0224761275860634,1.0
-1.0973927473089864,0.03044155942814713,-0.8739775322681247,-0.10211156711669947,0.3479869077986218,-1.3655418554707826,-0.45570160897378864,-0.6735902874392508,-0.9653694662898651,-0.3756661191956731,-0.6238002920644082,0.8729879859083011,-0.7157770938141539,0.0
0.45082327846667763,0.4158269831148106,-1.5011069916300126,-0.5056995154488454,-0.1100621517445994,0.2654118521226006,-0.2363693232026948,1.0419143254207892,0.10474597824765033,0.4455145370641826,-0.5921734534352558,0.4600797510175246,1.936389605903664,0.0
0.5265853628894035,1.103015474669573,-0.2915494820064476,0.9242460040313975,1.0115686238399184,0.24544862085458258,-0.07475093708782346,-1.4950872519669338,-0.03238447376476758,0.5652234729236855,-0.7652429626360625,-1.2700829339708608,0.10195167889919825,0.0
0.2306659199335548,-1.3473712412396748,0.040771691526375206,0.2899275586087736,1.3213036992017873,-0.47651913523859335,2.086421715062901,0.053885220833628185,-1.2019425322382706,-0.3301855612315269,-1.1128463700538684,-0.16723789228541117,0.4684664170111673,0.0
0.2681885639640767,-1.130125244053242,-1.254493052537247,0.41938904152899975,0.6440989799692801,-0.48893049540350514,-2.537672182049131,-1.1583990269012396,0.986300368661679,-0.7385302875853874,-0.347232024902261,0.5533396533776359,-0.3062700088070222,0.0
1.3974228608231283,-0.3734365244008426,-0.8606534781466912,1.182272203017573,0.04780609338345727,-1.0783978485370096,0.47182437268536376,-0.2943271634845077,-1.1458639570982956,0.0951157729793429,-0.15809650236251147,-1.6874188798787173,-1.059323995140724,0.0
1.8653456664612467,0.0813095723570512,1.3466704763957342,0.3088182001675583,1.2371359842340386,0.5557486341102166,-0.9463289735873128,0.6068251124413383,-0.952777156004467,0.9293690354993017,0.21772405175927106,0.01877252383888621,-0.4385310306197475,0.0
0.7984433023682875,-0.15765267908346337,-1.9098951683450154,-1.7142514168773095,-1.2692723186104853,0.7841802103791672,0.8602505865180035,0.324997725326547,0.31440879518710624,1.4461346371900732,0.3428483920799966,0.6381095655023061,-0.010747336685033191,0.0
-0.46105501399476045,-0.2802349302505018,2.050768819288516,-1.0867185625547444,0.3143115954132898,-1.5153888577939703,-0.6105165502949266,0.7738260859659014,-1.809961930870351,0.9047392879743166,2.047543609439266,0.36516051681851147,1.2619140945430205,0.0
0.24803807885786977,0.7110888542078575,0.45376625998399045,-0.5100558076635866,-0.5996826175927987,1.1814570574844807,-0.042213858023980186,-0.1417721344941359,-0.16248701757158876,0.30640676983949755,-1.1855205128587916,-0.18214359156563206,0.3105592838646968,1.0
-1.2790856458012776,0.2092317279057433,-0.8976265417772614,0.31243746231621544,2.1585119669133706,-0.12086346887393008,-1.0786335375585254,0.23708372002811168,0.4742101124823043,-0.9369229834869618,-1.7184800261705802,-0.9338593675287326,-0.04835168347733824,1.0
-0.45531354362920723,1.0774939503558203,0.5171130736854819,0.10198568896275612,-1.7449592192770886,0.6304024058558654,1.9791772677090689,0.8623063844145276,-0.6576946620618049,-0.13635235966597223,0.4590800585023697,1.386661202643943,-0.7057511348451821,1.0
-0.46551414490014353,-0.04316655394924891,-0.13068271159218892,0.792359570641163,0.26229768667036457,-1.3971767572025304,-0.6567820348088769,-0.6279972729441022,-2.214916704489725,0.9296366727183561,0.1324250426727367,-0.5406793427779772,0.9026101579351885,0.0
0.3013294031735006,-1.2861211619615724,0.6095924562064228,1.3729630139231772,-0.1398967550174521,-0.067049192834398,0.10776017411265185,-1.217894276616262,0.14141974857169357,-0.8914973594483013,-0.0065256224208379565,0.16589153074105817,0.5307896972510189,1.0
0.5675574104114022,-0.9276918628320583,0.18761337141682824,0.9560910631832223,-1.1533833991049784,1.745103271341925,-0.9724203259309835,1.6274429531649528,-0.9548380968035248,-0.05622039885416165,-0.19290492602284895,-1.366804395112484,0.6981936998799564,0.0
0.7495343822643912,0.6197413875065418,-0.2484786238649698,-0.7017563074352189,1.0991564828562523,0.21344399886695042,-0.7562866494753283,0.21453702283651002,-1.6747028874481333,0.1077866727875658,0.6557741752888775,-0.17940839366485903,0.7109068097798841,0.0
0.8132204721677906,0.2753155567467731,1.7680700014603914,1.3539557651178817,0.627332644214215,0.35512772460361675,-0.25637060355951063,-0.6471627217415599,0.7974857695769726,-0.19915316101606356,-1.0140909381777035,-0.8021589097145496,-0.6701899105860056,0.0
1.7535523272261004,0.8478278540677378,0.0342758326574917,0.41395018280723983,0.5300299258634066,-0.8685914043519214,-1.1675671171443078,1.0515425111862748,-1.3497229100434391,-0.017432494183066496,-0.7217284888684156,0.22099024774905054,-0.253052081331859,0.0
0.5339824060321556,-2.31116384467523,1.1206702235903225,0.7353837965683436,1.0115453608545755,0.8963874081543334,0.31379809673685904,-0.6413491803977092,0.4384315259673665,0.28953683664384877,0.876562114798443,0.6216498618680703,0.0942306473041842,1.0
0.43312822742233875,0.5217302171966028,1.0883300827189049,1.7358808994901787,0.5970821159349489,0.52637313511987,-0.22299637150344134,-0.34331816462141934,-0.7258224296013068,-3.199760562363539,-0.8392125115243891,-0.17272943047780365,-0.30626055738600816,0.0
0.4566041785528336,-0.8040215450611209,-0.7600037772146541,-2.11370438994065,0.4714294955568415,-0.8878354488285195,-0.7160066093468642,0.5647473551568922,-0.8827301165213008,0.38033759144676577,-1.206625076897207,-0.021124250139108874,-0.6096518257071776,0.0
-0.2662947135739428,1.5116800037430296,-1.6392877376460713,1.4224107092766902,-0.9187754902113034,0.869081773265981,1.0673169551747628,0.4304622155519017,-1.2184436118880089,0.27242968364358955,2.559562250323274,0.011235701240129254,-0.10081676169694302,0.0
-0.19705653072060167,0.5155633670732291,-0.0871808383325317,0.2845905096932017,-0.2923233553101648,-1.0362448713048538,2.322069100684279,-0.0966513015926708,3.198398193291884,0.4249152460469182,0.5999822025755587,-0.3092845695217548,-0.5929573213751277,0.0
-0.2866701190637394,-0.8323126640345019,-0.9246808183508971,1.7846010554138692,0.7997526056678803,1.498185124354066,1.124899689638518,-0.6013715645019755,-1.539685833504443,-0.46014317069683713,0.091831819011613,1.1443431184593167,-0.054604647678474505,0.0
2.9663657951760167,-0.4326959905698537,0.5910576024481916,-0.5985908917957072,0.4062823858223443,-0.1255734314054514,-0.24866095724590512,-0.6187921028957915,0.1475424064312364,0.8361729264676457,-0.9750663642052158,-0.048572994972081375,0.49313407065563664,0.0
0.6828911076730088,1.8630278471837753,0.5786784460502379,-0.40002209723511,-0.5680015584100027,-0.5802581743615904,-0.6359767766019002,0.21573601860739083,0.42055024470976476,0.8245448153867869,0.6649947266352376,1.2461071546443843,-0.668920843859364,0.0
1.6364841856331978,-0.6296558983397632,0.34793235817526436,-0.1947586789831651,-0.023895787609565684,0.6722887632172591,-1.4384201693187728,-0.8307242630538235,0.7492267352469322,-0.0021526161912184057,-0.25661781731502964,-1.1209405616633774,-0.2496108123302298,0.0
0.6809469415669698,-0.5634731191456657,1.3640633468584331,1.0768849308026256,-0.35005290451877136,-0.5943487327899609,-2.764478335574237,-1.0768610419413662,-1.13833633655989,-1.4309664309346954,-0.035976477676608845,0.31208056032611303,1.814655342273463,0.0
0.06649066140069422,-2.0335537878449914,-0.7477440313366499,0.6105642755423011,-0.08141274691167123,0.8568280095944134,-0.5137489735645697,1.1520373194649425,0.2460300742177463,0.27147758393157706,0.1499548875696409,-0.7651561203111347,-0.05719055484082387,0.0
0.2937609175533706,-1.400654608642907,0.07959425276352049,1.2148779184985348,0.43381813337012287,1.3672901497693004,0.40772732330583833,-0.8976308975673679,0.790759760837597,-1.1410261183027133,-0.2084371897281555,-0.27599635731722516,-0.6782783958059331,0.0
2.378967221854361,-0.07264530804509264,1.8100617105393326,0.3435904805129956,-0.8209218107267322,-0.4095877639036041,-0.03848132781335097,-0.3418083255745968,-0.273952221390286,0.5737439605212308,0.36537005443400206,0.6899937227307291,1.5266845775258495,0.0
-0.471485832780439,1.1138925845280252,1.3936019292943915,1.293900793537247,-1.7599308104071698,1.7976865304628686,-0.6363989810554705,-1.8406723038164514,1.7731100907860073,0.5134043681739555,0.5547049325040273,-0.33207235591198564,0.18209791249697757,0.0
-0.1393165208464398,-0.6242028108295922,0.02299084740072753,0.11313820729779923,-1.3216340085967118,0.055632125486113564,-1.7875248718672199,1.9203514021170958,-0.10258136024087788,-1.0714953853317823,0.5132182006896083,-0.7466993861419924,-0.029257336142705332,0.0
0.4555011510918543,-1.01669078320262,1.9497093254371345,2.044914468782179,-0.5254533262384781,-1.1233261808047477,-0.5300081620974401,-0.47655408369598473,1.11035049396183,-0.5127131699552132,-1.1616611972697257,0.1015735055722572,-1.4908535923481232,0.0
1.0679950665533804,0.5999926819657305,-0.5998896018339789,-0.4907211254756556,0.24873507407220474,-1.1030464474763466,-0.787895705677845,-0.22541309686869168,-1.3187826376705372,-0.45433859971564605,-1.0730589191132758,1.4261991603193342,-0.4034357060358352,0.0
-0.9468240540146251,0.6744495914161837,-0.6284858594982461,-1.1024857037694658,0.8875299190579455,-0.32314153813263663,0.841021304225833,-0.01505387100160042,0.12919878544645685,0.5631787896796314,-0.634827360376867,-0.810214566811094,1.2018368060612135,0.0
0.5789193065864303,-0.06749798224982147,0.7957009124235614,0.5401597088701403,0.9433028670188557,-1.1428345428804136,-0.0641790403689981,1.1298029999915986,1.6772270760369838,-0.5359382468133194,0.1591653848110624,0.019335818584628333,-1.244181215710196,1.0
-0.28755980642401313,-1.5786926787264723,-0.16732160932115064,-1.0380188767846283,0.16991478148216368,-0.30989722030322864,-0.3258150797816233,1.5534214864028923,0.07080916885365215,1.878222385420877,0.4463715332156777,0.8155528599260827,-0.8695223684044225,0.0
-0.6936786429311298,0.017263879259107027,1.213075236719983,-0.3629540211539327,-1.4314522912290448,0.39799035854710024,0.06397831028008974,-0.5510100773371789,-0.37306378696379305,-0.8710736708952417,0.9239067512627724,0.023324096991325986,0.24047738989157771,1.0
-0.596426492207448,1.3362272496246066,0.22079668694470045,-2.141135715969906,0.4599815948071012,-0.26432069166930966,-0.1639450880971419,0.9936909520929552,0.08857161781449174,1.7123423249776764,0.10559313815104067,-0.4666170109592113,-1.8132879476243773,0.0
-0.7178699479518562,-0.32224512096916036,1.466288172339236,-0.4605543307129097,1.642011993640754,-1.1483100513690894,-0.7724680266194729,1.1269769873497977,-0.5951220210072045,1.0992286456937617,-0.8263015170894239,-0.7260901581591734,0.6418489339569671,1.0
-0.8123013486825326,-0.27440434558511984,0.394778625689483,-0.2526057291573542,-0.5625784026497836,-1.20722790597933,1.4493286079516834,1.6361122418152751,0.3293356628720912,-0.2321171489463939,-0.17717175902780072,0.8321929081361997,1.031782025643939,0.0
-0.5401528548523482,1.0746081737332354,0.6150889841493643,1.0572237417686166,-1.6017769450743702,-0.41920347014897574,-0.1729014168980767,-0.4689536964118154,1.9173229941374061,-0.4098676371168663,0.4683924202349281,0.1528399157242538,-0.2902271976252409,0.0
-0.7086402276059957,2.0558485322012303,-0.2218723282821758,0.8755845824216522,-0.009648332950788853,-0.45872166158315036,0.10829157745509856,0.3081137166429908,-0.46958571810338157,-0.7646206181649926,0.4761740090044143,0.11636726496976015,-0.6520578136538172,0.0
-0.9384353447574062,0.34927883471587773,-1.9180806648246593,-0.26059982862726117,0.135088323550674,1.7376723829073266,0.010481159843245068,-0.30119135747862086,0.284560851325541,-0.7165407556907275,-0.21893623659827785,0.029302028117780606,0.6295123578669228,0.0
-0.6730001902845336,-0.005723830903011348,-1.7910155213588692,0.5166805191726473,-0.2304400112068563,1.88431684397651,0.3513353510658065,-0.8669915740396311,-1.0936858622111891,0.6616999312372618,1.7964313337904207,1.4901637571597408,-1.2126912475312772,0.0
0.20329350298950152,1.1270202590210485,-1.3411597122074759,1.0373672397641205,-0.7027879458829225,-0.21547293576268742,0.276632404366441,1.0683155366858614,1.5319068295157567,-0.3229332745646458,-0.4796397457992638,-0.5462283687175153,0.7795842461630362,0.0
0.9955557966352104,0.8944138359346672,0.2697893198938829,0.3684470288962431,-0.23036881727978542,-0.13710474209043605,0.8539735404780205,0.26429194531513167,-0.4731660645269097,1.0993266114608449,-0.6078355645218387,0.14569778206722211,-1.240021229615308,0.0
-0.9458009315990475,0.019105375292004022,-0.696243220440997,-0.22915065902964205,1.213269980986904,-0.12475635838910348,0.8998492341571589,-0.7807125135227706,0.5489043339794277,-1.0001907279049642,-0.24978098518261863,0.5894940093676687,0.012757229055384369,1.0
0.9423007227024084,0.6675142353971817,-0.30840514933874646,1.2969483728109685,0.43630507079679137,-0.24368922294177786,0.14576618029373947,0.09091825085632099,0.2015923264132038,-0.14175932494440374,0.37252771630531967,0.7898197035122371,0.4255639215086497,0.0
0.3915284661940883,-0.10067905937706474,-0.886082288229168,-1.1293444347987358,-0.7075763366412207,-0.41800396600773615,1.6717913897146177,1.2516615454733349,-0.5933162345769438,0.44970228289576386,-0.06762220807054127,0.2359907646150768,-0.5486206400693285,1.0
2.2417598304635455,1.8644997233874214,-0.29261751537977465,-0.5963290157224306,0.9254726334215964,-1.2096691854144117,0.8459479247693732,0.12546597845853819,-1.43409732599647,-0.15177051294524704,-0.6557539966613662,0.16178024468765587,0.05750629211901334,1.0
-1.3473149415483618,-0.3341434961375466,0.5747203158497204,0.7469081719521758,-0.36305804795950264,0.4577706428826036,0.2663802009446111,-0.05264372375602249,0.4638792060453893,-0.9252044287956842,0.0009704008253194354,-1.6039392364907332,-0.05412530585026702,0.0
1.4250264046851944,-0.31952555089193013,1.3250401282502076,-0.30358806882091405,-1.0847211004162294,0.6653944980157489,0.4639340419875874,2.319007934236499,-0.979295716533089,0.3564140440253122,0.39204325123269257,1.058184701858798,0.529798933229799,0.0
-0.2880775442285868,-1.0710722068714593,0.3466228924755964,0.3744206515170237,0.6314160222965056,-0.28943384652110515,0.27815156036083044,-1.5441512919128424,-1.0292462473037578,0.9355295139114032,0.1798355280721886,0.4758200979689153,-0.5983517410958271,0.0
-0.7254527666890919,-0.4235512621981075,0.23768442803710155,0.6859174556427218,-0.24911005488210397,-1.6595824301478297,0.401037605850973,0.2670521551212874,0.4791729782230888,0.8564981222497622,0.7775584905992924,1.3608142278061757,0.02841773004787723,0.0
-0.43192771915982975,1.040840840772161,0.9083560553422217,-0.2328516936411859,1.1058858238773883,0.07452847331109357,1.276323016989261,1.7292151432762155,2.641071749694857,0.06223739239030922,1.4154308550541492,0.8538462898270578,0.9469616148189975,0.0
0.42443186878089884,0.951104559834321,-1.3740842635961563,-0.028841915352694106,-0.653481566225802,-0.7371165856000177,-1.435502094537547,-0.5267143930433216,-0.17415050712555769,0.1843093094732515,-0.01242847841968509,1.0523387088824974,-0.8960024549932483,0.0
-1.9436567277162222,0.5314505987246029,-0.046728383112949884,-0.06749087361738194,-0.7127848787286719,0.9091370362144171,-0.4190647448135233,-0.8835733438895558,1.6742610520269199,0.6915740355420057,-0.04015831239548863,-2.441242056105819,-0.23542462455063976,0.0
-0.02161668689565994,1.4636820019721097,-1.7499775327819653,1.56025680218457,0.4369331241110122,-1.207582858218343,0.9218158359514699,-0.2438731170273253,-1.6618775137606852,-0.4444195493954515,0.2549070295170637,0.06193719724276239,0.6434781452112087,0.0
1.0974306088410382,-1.0985676653813934,-0.02090437046264576,-0.6099576254931659,-1.248930084461459,-0.0518391957622089,0.4316661838579913,0.49067710454473407,-0.39521178325355505,-1.0078690013994693,-0.6446296339028974,-1.876832025502892,-1.1893033318025679,0.0
-1.1026229632426676,0.84530498055513,0.8444036299568526,2.129481628141108,0.24032683285978704,-0.4838860253828175,0.011971847763763078,-0.16922676047064958,-0.631719294329672,0.31992238124314354,0.19335522365057548,-0.08258133560638531,-0.2942890942957355,0.0
0.631901467646787,-0.5537416231177833,-0.40315872741456904,0.47508273096807774,1.0114797140615046,0.9201377987979706,-0.25958631883905814,-1.264347531961679,-0.2894906304959442,0.07350540746865974,-1.1142233592380968,-0.308096058023688,1.2070990456621775,0.0
0.14747924562277734,-0.5405898131982003,0.028838909461889224,0.08374678289671217,-0.3733508816489043,0.772379835166608,-1.8284019338152935,0.4717610797705814,-0.5731473386216588,1.0457045080533052,-1.2746422192506264,0.9385760925455332,-0.7892679332354385,0.0
0.32198591161911577,-0.46499987031550877,1.1272097320929404,-0.19108019564011394,-0.723059964712438,1.3990997448075744,-0.2801482316237037,0.5217820386542978,0.9390443692694539,-0.8794928094299472,0.4219462849837819,0.557184815867792,-1.5474778262041895,0.0
0.32305929668024885,-0.3539097242450353,1.6201834929313883,0.866119515519332,0.43907673591353236,-2.0413282315401866,0.44498600340065014,-0.7609740047478325,0.8735284720697164,-0.15991735757443354,-0.5190859400202021,-0.4366179105960483,-0.3702198611982933,0.0
-1.3472276573139326,-1.2160180289712454,-0.335483684779733,1.555136678050814,0.7144632000109268,0.8040047938218388,1.1972281027897675,0.2811155809967153,-0.45667609791034813,-0.410983775992668,-0.8257388277899137,0.8110081035476873,-0.9362444090937311,0.0
2.0903436487360345,-0.9029083658510674,1.2229045587074296,1.2283006637440759,0.6243538498382896,1.620572086231685,-0.19623490861274198,0.12826744021934217,0.22442652782080005,0.5901203692210223,-1.8189666777081364,-0.10613652470252924,0.8582360484879797,0.0
-0.3719157608230296,1.9595764925613313,0.1280312169445326,0.514521707658901,1.5509963554117578,0.12943293725488883,1.5346565286851959,0.5831461706086162,0.5850807755641307,-0.8891611631610785,1.1064602028144823,-0.6063906894727549,-0.18638426467569746,0.0
1.2591984473360178,-0.3667412730793706,0.3477894796082186,-0.05387237918694975,-0.01899886727647736,-0.14945988525163748,-1.0361764017757955,0.5451431666800791,0.6341218012418149,-0.5819874128655903,-0.44228867796443744,0.9129912372175907,-0.26378773168374614,0.0
0.0925971485512682,-0.8815972405858491,-0.06347271172356451,-0.8761786788055383,-0.6049757567054451,-0.7641808316734657,0.8632836256656259,-1.3295874165654533,0.2666816777961678,-0.22312443781900512,1.3962624931381344,0.7794699845798233,-1.239966118605837,0.0
-0.5605228065391352,-0.013913073029554785,-0.5607261196539477,0.9082733326208107,0.1699419245518953,-0.19334594971272004,0.9808973683835126,-1.177358387800693,-0.26551267532945166,0.24799916455603563,-0.14131453035556812,-3.10460525172614,0.33902361035892326,0.0
0.502727596310878,-1.0125479672890298,-2.1829752864510104,-0.677735582877834,-0.20348193185050395,-0.11053110976773887,-1.9671064574613675,0.20321836616134548,1.0288767395270133,0.9568066274758615,1.2218433476960013,-1.2129736395984096,0.8790623081691834,0.0
-0.9338205777905582,0.7892399536629918,-0.73735135757773,0.3520231259296081,1.535187011867568,0.9329363289683655,-0.9222763573636026,-1.13888405523677,0.7763403679167561,1.319467843955265,0.4297994895300968,-0.5111729679392071,0.041870050266884756,1.0
0.43244413147749516,-0.08955565133460715,-0.921280639493207,1.0637385661630874,1.8782861489784277,1.4265548185181705,-2.171165379687011,1.1559820411206994,0.5781997332001568,-0.6572812722216178,-1.9621826279355212,-0.11363685228209751,0.36368156386762546,1.0
-1.1068548904732292,1.2322574823784276,1.2080194378740057,0.46791592567278406,-1.372815033794736,-0.26207546754927613,0.7236928854609024,0.6577409817095412,-0.6990291382789088,-0.5523906979007189,-0.7248159622771219,-0.2828884142829792,-0.486689245746922,0.0
-0.6689302183219863,-0.13761767964894556,0.03999156608522302,1.087052822380546,-1.7812722550978268,1.21926331311775,-0.7473157340399759,1.8605067253363574,0.6731970342832186,0.5473381605768302,-0.10401465666081319,2.0630240902130335,-0.030605094003595144,0.0
